City,id,tweet_text,timestamp,hashtags,username,mentions,rewtweets,replies,link
"Paradise, CA",1059596149198348289,#river #nevadacity #visitnevadacity #landscape #bridge #southyuba #fujifilmxseries #featureshoot #fujifilm_xseries #photooftheday #myfeatureshoot #fallcolors #fujifilm #fujifilmxt3 #xt3… https://www.instagram.com/p/Bp0WTMQAcaW/?utm_source=ig_twitter_share&amp;igshid=13uo02dth5f0l,2018-11-05 23:59:42+00:00,#river #nevadacity #visitnevadacity #landscape #bridge #southyuba #fujifilmxseries #featureshoot #fujifilm_xseries #photooftheday #myfeatureshoot #fallcolors #fujifilm #fujifilmxt3 #xt3,RHMImages,,0,0,https://twitter.com/RHMImages/status/1059596149198348289
"Paradise, CA",1059595878154059777,"If this is you, your computer might be at risk. Allow the professionals to help! #alienware #hp #laptop #asus #acer #lenovo #virus #scans #love2fix @Love 2 Fix https://www.instagram.com/p/Bp0WHy7hKoP/?utm_source=ig_twitter_share&amp;igshid=1dbes9p48vlr5",2018-11-05 23:58:38+00:00,#alienware #hp #laptop #asus #acer #lenovo #virus #love2fix,Love2fix916,,0,0,https://twitter.com/Love2fix916/status/1059595878154059777
"Paradise, CA",1059594896544133120,"When We Stand Together @Folsom, California https://www.instagram.com/p/Bp0V0r5HTOV/?utm_source=ig_twitter_share&amp;igshid=2lwe8m7klm7d",2018-11-05 23:54:44+00:00,,erich13,,0,0,https://twitter.com/erich13/status/1059594896544133120
"Paradise, CA",1059594573066973184,"Again, for those that asked: first weekend vs. final weekend on #YoungFrankenstein. I had to 'git gud' real fast when it came to doing my own makeup. While I… https://www.instagram.com/p/Bp0VjckBFbfxSmKiLF4_K9URvJsRImwTcKsdoY0/?utm_source=ig_twitter_share&amp;igshid=1d8xr3ocaqt8e",2018-11-05 23:53:27+00:00,#YoungFrankenstein,MadRyantist,,0,0,https://twitter.com/MadRyantist/status/1059594573066973184
"Paradise, CA",1059593720545398786,"1.5 magnitude #earthquake. 28 km from Chester, CA, #UnitedStates http://www.earthquaketrack.com/quakes/2018-11-05-23-45-52-utc-1-5-1",2018-11-05 23:50:03+00:00,#earthquake #UnitedStates,QuakesToday,,0,0,https://twitter.com/QuakesToday/status/1059593720545398786
"Paradise, CA",1059593571131682817,Had a great time in Tahoe City this last weekend. The last two photos say it ALL! Only my kids can pass out at a wedding while we keep going. Also...Something happened on the dance… https://www.instagram.com/p/Bp0VDmqn20F/?utm_source=ig_twitter_share&amp;igshid=v3xbyq95nzcz,2018-11-05 23:49:28+00:00,,Jaylen_Moore,,0,1,https://twitter.com/Jaylen_Moore/status/1059593571131682817
"Paradise, CA",1059593438197358592,I've made some progress to my side of the room @Sacramento State https://www.instagram.com/p/Bp0VKZZBTny/?utm_source=ig_twitter_share&amp;igshid=gdatlxb6qxd,2018-11-05 23:48:56+00:00,,dany12459,,0,0,https://twitter.com/dany12459/status/1059593438197358592
"Paradise, CA",1059592723102085120,"LOOOOOOOOOOOOOVING THIS!!!!!! At work and needed this rn backstreetboys TY for making me smile boys!!! @Carson City, Nevada https://www.instagram.com/p/Bp0Upf0HMzb/?utm_source=ig_twitter_share&amp;igshid=fxfsu7rmuy6b",2018-11-05 23:46:06+00:00,,Megs_WoodardA_J,,0,0,https://twitter.com/Megs_WoodardA_J/status/1059592723102085120
"Paradise, CA",1059591442836803584,"I ran my first ever spartan race yesterday and let me tell y’all it was no easy feat... but it was SO MUCH FUN! I’m so glad I got to run it with these ones Also, am I crazy if I say I… https://www.instagram.com/p/Bp0S1xZHZFN/?utm_source=ig_twitter_share&amp;igshid=1x92r8tcjs9kv",2018-11-05 23:41:00+00:00,,godownbIazing,,2,1,https://twitter.com/godownbIazing/status/1059591442836803584
"Paradise, CA",1059590578378366976,Monday Night Football and tacospedrito916 at the tap room tonight. Come get some tacos and beer! Don’t forget we’re giving you $2 off pints during the game. Tonight the Tennessee… https://www.instagram.com/p/Bp0TuWwHLJ2/?utm_source=ig_twitter_share&amp;igshid=2bdj0kini2j2,2018-11-05 23:37:34+00:00,,SacFountainhead,,0,0,https://twitter.com/SacFountainhead/status/1059590578378366976
"Paradise, CA",1059590503052832770,"YOUNGLIFE AT 1038 Lakeshore tonight!!! Thralls house for club tonight! 7:11 at Thralls house!!!!! Pizza!!!!!!!! @Incline Village, Nevada https://www.instagram.com/p/Bp0TveLBVlV/?utm_source=ig_twitter_share&amp;igshid=m748mjv5le8g",2018-11-05 23:37:16+00:00,,coachtk12,,0,0,https://twitter.com/coachtk12/status/1059590503052832770
"Paradise, CA",1059590134147006464,This Week in Music: WEDNESDAY: I’m hosting the sacsongwritercircle with iammarcorobledo at thefigtreecoffee at 7pm THURSDAY: Music Video Release Party for The Wall &amp; Deeper Still At… https://www.instagram.com/p/Bp0TqTuggKL/?utm_source=ig_twitter_share&amp;igshid=1c4x1v5lra7r0,2018-11-05 23:35:48+00:00,,HeatherEvans,,0,0,https://twitter.com/HeatherEvans/status/1059590134147006464
"Paradise, CA",1059589629526110209,"• caption this for me • : lupeorozco_88 : @smalz_tdc #sacramento #soundcloud #rappers #doing #rapper #shiit #nshiit @Sacramento, California https://www.instagram.com/p/Bp0TbkcnY9R/?utm_source=ig_twitter_share&amp;igshid=14e29sxlvrlii",2018-11-05 23:33:48+00:00,#sacramento #soundcloud #rappers #doing #rapper #shiit #nshiit,jay_siio,,0,0,https://twitter.com/jay_siio/status/1059589629526110209
"Paradise, CA",1059589559099383808,temperature up 67°F -> 73°F humidity down 41% -> 17% wind 3mph -> 14mph,2018-11-05 23:33:31+00:00,,_ReddingCA,,0,0,https://twitter.com/_ReddingCA/status/1059589559099383808
"Paradise, CA",1059589095440011264,"New painting hung in master bedroom in Truckee, thank you bridgette_meinhold!!!! #bolamgallery #truckee #tahoedonner @Truckee, California https://www.instagram.com/p/Bp0TCgGBBsB/?utm_source=ig_twitter_share&amp;igshid=iyb98xcetzig",2018-11-05 23:31:41+00:00,#bolamgallery #truckee #tahoedonner,joannclelia,,0,1,https://twitter.com/joannclelia/status/1059589095440011264
"Paradise, CA",1059587784430813184,That’s my spooky bench @BigSis LilSis https://www.instagram.com/p/Bp0Sl8Kl_si/?utm_source=ig_twitter_share&amp;igshid=13521oigeimz8,2018-11-05 23:26:28+00:00,,sam_porque,,0,0,https://twitter.com/sam_porque/status/1059587784430813184
"Paradise, CA",1059587765380308992,"""Brian Littrell- The Heart of The Matter"". @Carson City, Nevada https://www.instagram.com/p/Bp0SibLHTdM/?utm_source=ig_twitter_share&amp;igshid=15hgsbgnaffaz",2018-11-05 23:26:24+00:00,,Megs_WoodardA_J,,0,0,https://twitter.com/Megs_WoodardA_J/status/1059587765380308992
"Paradise, CA",1059587645783724032,Have you ever been so relaxed you didn’t have a care in the world? #Sacramento #California #throwback #RoseGarden #Vacation #NorCal #DeathGrips #Roses #Garden #Nature #Relax #Peaceful… https://www.instagram.com/p/Bp0ShrxgOB6/?utm_source=ig_twitter_share&amp;igshid=1j5umo9o9w253,2018-11-05 23:25:55+00:00,#Sacramento #California #throwback #RoseGarden #Vacation #NorCal #DeathGrips #Roses #Garden #Nature #Relax #Peaceful,jacqueling35,,0,0,https://twitter.com/jacqueling35/status/1059587645783724032
"Paradise, CA",1059587529786228737,"""Brian Littrell- The Heart of The Matter"". @Carson City, Nevada https://www.instagram.com/p/Bp0SbMQHDVo/?utm_source=ig_twitter_share&amp;igshid=1aoldcp3egwm1",2018-11-05 23:25:27+00:00,,Megs_WoodardA_J,,0,0,https://twitter.com/Megs_WoodardA_J/status/1059587529786228737
"Paradise, CA",1059587444230811651,"She pauses. Start over. Like seriously. #doodle #doodlebook #doodlesofinstagram #sketch #sketchbook #doodlesketch #bookart #drawingontext #startover #seriously @Sacramento, California https://www.instagram.com/p/Bp0Sb6VA5Q5/?utm_source=ig_twitter_share&amp;igshid=28q0tljsale1",2018-11-05 23:25:07+00:00,#doodle #doodlebook #doodlesofinstagram #sketch #sketchbook #doodlesketch #bookart #drawingontext #startover #seriously,bethshelba,,0,0,https://twitter.com/bethshelba/status/1059587444230811651
"Paradise, CA",1059581337185726465,November 14th 6pm-9pm: Dream Warriors with Native American Hip Hop and Spoken Word #Native #HipHop #ChicoState,2018-11-05 23:00:51+00:00,#Native #HipHop #ChicoState,ChicoStateCCLC,,3,0,https://twitter.com/ChicoStateCCLC/status/1059581337185726465
"Paradise, CA",1059575684144738304,A HUGE thank you to all of our wonderful friends and family that joined us for our third annual Harvest Celebration yesterday! It was wonderful seeing each and every one of your… https://www.instagram.com/p/Bp0NFs3n7_G/?utm_source=ig_twitter_share&amp;igshid=1t6wfy06bgm6r,2018-11-05 22:38:23+00:00,,SohnreyFamFoods,,0,0,https://twitter.com/SohnreyFamFoods/status/1059575684144738304
"Paradise, CA",1059570200763338753,"#Repost @BlackBryCreek ・・・ You would never take your child out for quality time suffocating puppies, but fishing is exactly the same thing; it is only tradition and culture that tells us… https://www.instagram.com/p/Bp0Kl4OHH5b/?utm_source=ig_twitter_share&amp;igshid=1qdbe8iezm6fy",2018-11-05 22:16:36+00:00,#Repost,chicovegan,@BlackBryCreek,0,0,https://twitter.com/chicovegan/status/1059570200763338753
"Paradise, CA",1059515069959229441,"Next weekend at redroomtattoo i will be helping out with this tattoo event! To help those who helped us. Giving back. For any info DM me, but I’m painting a flash sheet for this event!! @… https://www.instagram.com/p/BpzxgceBFZP/?utm_source=ig_twitter_share&amp;igshid=11qt2ujuj25zx",2018-11-05 18:37:32+00:00,,dboy5446,,0,0,https://twitter.com/dboy5446/status/1059515069959229441
"Paradise, CA",1059511091200450560,"Sycamores in the autumn sunset. #sycamore #autumn #urbanforest #chico #norcal #naturephotography #jamescoufalik #photosfromthesaddle #cycling @Chico, California https://www.instagram.com/p/BpzvtYihwLr/?utm_source=ig_twitter_share&amp;igshid=6cq6x6kgdq12",2018-11-05 18:21:43+00:00,#sycamore #autumn #urbanforest #chico #norcal #naturephotography #jamescoufalik #photosfromthesaddle #cycling,JamesCoufalik,,0,0,https://twitter.com/JamesCoufalik/status/1059511091200450560
"Paradise, CA",1059493615620276226,STOLEN - Gray Genesis Mountain https://bikeindex.org/bikes/462623,2018-11-05 17:12:17+00:00,,bikeindexstolen,,0,0,https://twitter.com/bikeindexstolen/status/1059493615620276226
"Paradise, CA",1059489768428498944,"I’m feeling insecure. • Social media is generally a place where we share our strong moments, our picture perfect moments, our “I’ve got it all together” moments. But if I want to have a… https://www.instagram.com/p/BpzmBUEl4Wv/?utm_source=ig_twitter_share&amp;igshid=la3yo9b5xgtb",2018-11-05 16:56:59+00:00,,AshleyMJackson,,0,0,https://twitter.com/AshleyMJackson/status/1059489768428498944
"Paradise, CA",1059486532023844864,A rescue closed down and contacted us at @ScottFooMusic and asked us to help them. Beautiful 10 year old male Red Iguana and 15 year old Female Green Iguana. Breeding partners! Need a new… https://www.instagram.com/p/BpzkixhgwAG/?utm_source=ig_twitter_share&amp;igshid=y3rj0oi8p4d3,2018-11-05 16:44:08+00:00,,ScottFooMusic,@ScottFooMusic,0,0,https://twitter.com/ScottFooMusic/status/1059486532023844864
"Paradise, CA",1059479970987282432,"Meet our Chico Stylist Madison | She is a Chico native, born and raised. She tracked us down while attending the Chico Bridal Show, knowing she wanted to buy her wedding gown with… https://www.instagram.com/aebridal/p/BpzhkDYlkRO/?utm_source=ig_twitter_share&amp;igshid=bej4szosbh4t",2018-11-05 16:18:03+00:00,,AE_Bridal,,0,0,https://twitter.com/AE_Bridal/status/1059479970987282432
"Paradise, CA",1059477130243756034,A special meal for our special visitors #eatingforhealth #eattolive #eatgoodfood #healthyeating #healthyliving #castironcooking #brusselssprouts #perfectlycooked #scallops &amp;… https://www.instagram.com/liveg2g/p/BpzgRBzHyHj/?utm_source=ig_twitter_share&amp;igshid=uvl6gmsd5k3j,2018-11-05 16:06:46+00:00,#eatingforhealth #eattolive #eatgoodfood #healthyeating #healthyliving #castironcooking #brusselssprouts #perfectlycooked #scallops,liveg2g,,0,0,https://twitter.com/liveg2g/status/1059477130243756034
"Paradise, CA",1059476297485901825,Chico CA Mon Nov 5th AM Forecast: TODAY Mostly Sunny Hi 78 TONIGHT Clear Lo 50,2018-11-05 16:03:28+00:00,,_ChicoCA,,0,0,https://twitter.com/_ChicoCA/status/1059476297485901825
"Paradise, CA",1059474552487661568," KIMONO @Paradise, California https://www.instagram.com/p/BpzfGQAljiD/?utm_source=ig_twitter_share&amp;igshid=1569j5mjnmz0o",2018-11-05 15:56:32+00:00,,MeghanFabulous,,1,0,https://twitter.com/MeghanFabulous/status/1059474552487661568
"Paradise, CA",1059381124990930944,Fall is upon us! Come join us as we just switched over to winter linens to keep you cozy. The swim spa is a 100 degrees & ready for a dip! @Sonoma Creek Getaway - Sonoma County Serenity… https://www.instagram.com/p/Bpy0nCmnMqZ/?utm_source=ig_twitter_share&amp;igshid=af0g34503trx,2018-11-05 09:45:17+00:00,,sonomacreekca,,0,0,https://twitter.com/sonomacreekca/status/1059381124990930944
"Paradise, CA",1059336349273260032,"Always express your love & appreciation #healthyliving #appreciation #thoughtfortheday #gratitude @Paradise, California https://www.instagram.com/liveg2g/p/BpygP3tHMfg/?utm_source=ig_twitter_share&amp;igshid=10e3x1j3agseu",2018-11-05 06:47:21+00:00,#healthyliving #appreciation #thoughtfortheday #gratitude #gratitude,liveg2g,,0,0,https://twitter.com/liveg2g/status/1059336349273260032
"Paradise, CA",1059249796307976193,Chico CA Sun Nov 4th PM Forecast: TONIGHT Mostly Clear Lo 52 MONDAY Mostly Sunny Hi 78,2018-11-05 01:03:26+00:00,,_ChicoCA,,0,0,https://twitter.com/_ChicoCA/status/1059249796307976193
"Paradise, CA",1059247448621600768,Can't wait for tonight. See ya in a bit Can't wait for you to join us to share a meal together potluck in the Fireside Room on this Sunday Nov 4th at 530p followed by worship. Bring a… https://www.instagram.com/p/Bpx305BHDEv/?utm_source=ig_twitter_share&amp;igshid=p4vu2032cl26,2018-11-05 00:54:06+00:00,,teamwilkins,,0,0,https://twitter.com/teamwilkins/status/1059247448621600768
"Paradise, CA",1059223676233625601,Happy Sunday sunshine makers! You light up the world with your happy! #happy #life #love #advice #dothis #success #youhavethepower #action #smile #brightwnlives… https://www.instagram.com/trudikrupocki/p/BpxtAyqHkMu/?utm_source=ig_twitter_share&amp;igshid=1t6t8ifz8ica3,2018-11-04 23:19:38+00:00,#happy #life #love #advice #dothis #success #youhavethepower #action #smile #brightwnlives,gratefulcake,,0,0,https://twitter.com/gratefulcake/status/1059223676233625601
"Paradise, CA",1059185291179765760,Drinking a Zappa Wild Stache IPA by @SierraNevada at @sierranevada —,2018-11-04 20:47:06+00:00,,sacbeers,@SierraNevada @SierraNevada,0,0,https://twitter.com/sacbeers/status/1059185291179765760
"Paradise, CA",1059177383666814977,What makes you drink more beer! Really “F”ing hot cheese! @sierranevada @Sierra Nevada Brewery https://www.instagram.com/p/BpxX0DKH04L/?utm_source=ig_twitter_share&amp;igshid=ot5ukwmx9kss,2018-11-04 20:15:41+00:00,,sacbeers,@SierraNevada,0,0,https://twitter.com/sacbeers/status/1059177383666814977
"Paradise, CA",1059175736311984128,Drinking a Narwhal Raspberry by @SierraNevada at @sierranevada — http://untp.beer/s/c672278467,2018-11-04 20:09:08+00:00,,sacbeers,@SierraNevada @SierraNevada,0,0,https://twitter.com/sacbeers/status/1059175736311984128
"Paradise, CA",1059174549244133376,"#FrogFire unofficial new fire report; details uncertain. #PlumasCounty; ~6mi S of Storrie, CA. ~88mi N of Sacramento, CA. See officials for safety info. May be incorrect; disclaimers in images.",2018-11-04 20:04:25+00:00,#FrogFire #PlumasCounty,CaliFireBot,,0,0,https://twitter.com/CaliFireBot/status/1059174549244133376
"Paradise, CA",1059158994097303552,#breakthrough moment here after #sweet16 years of #NaNoWriMo I'm a #pantser which means I don't write with a #plot my first draft. Now typically when I hit my #ahamoment I'll scrap and… https://www.instagram.com/p/BpxPmLIltHk/?utm_source=ig_twitter_share&amp;igshid=fki59oddo20m,2018-11-04 19:02:37+00:00,#breakthrough #sweet16 #NaNoWriMo #pantser #plot #ahamoment,kathieblog,,0,0,https://twitter.com/kathieblog/status/1059158994097303552
"Paradise, CA",1059153903646896129,"It's such a joy to have a client love their hair again! The lovely lady had brassy, grown out color, and wanted a lighter, brighter look with deep dimension. I think we hit the nail on the… https://www.instagram.com/p/BpxNSNQnuZn/?utm_source=ig_twitter_share&amp;igshid=zjsy7j6nfqka",2018-11-04 18:42:23+00:00,,EvelynToddHair,,0,0,https://twitter.com/EvelynToddHair/status/1059153903646896129
"Paradise, CA",1059114138805460993,"Many times I wonder why I have to live in chronic pain? Why Lord, do you allow this? What purpose is it serving? And then I am reminded that I would wander and stray and rely on my own… https://www.instagram.com/p/Bpw7MuTHH1o/?utm_source=ig_twitter_share&amp;igshid=1xlbt3gnayazz",2018-11-04 16:04:22+00:00,,itry2frog1st,,0,0,https://twitter.com/itry2frog1st/status/1059114138805460993
"Paradise, CA",1059113902754160640,Chico CA Sun Nov 4th AM Forecast: TODAY Partly Cloudy Hi 80 TONIGHT Mostly Clear Lo 52,2018-11-04 16:03:26+00:00,,_ChicoCA,,1,0,https://twitter.com/_ChicoCA/status/1059113902754160640
"Paradise, CA",1059109414412713985,Baby Charlie’s first birthday party!! So much fun celebrating our adorable grandson with family and friends. Congrats brianacake and shawnclark7 for creating a wonderful year 1 for… https://www.instagram.com/p/Bpw0n-FHrb3/?utm_source=ig_twitter_share&amp;igshid=qygktqu48kim,2018-11-04 15:45:36+00:00,,CuratedTravelHL,,0,0,https://twitter.com/CuratedTravelHL/status/1059109414412713985
"Paradise, CA",1059099680645279747,Baby Charlie’s first birthday Party!! So much fun celebrating our adorable grandson with family and friends. Congrats brianacake and shawnclark7 for creating a wonderful year 1 for… https://www.instagram.com/p/Bpw0n-FHrb3/?utm_source=ig_twitter_share&amp;igshid=1eyfmoxibzucw,2018-11-04 15:06:55+00:00,,CuratedTravelHL,,0,0,https://twitter.com/CuratedTravelHL/status/1059099680645279747
"Paradise, CA",1059090435338104832,"Morning breaking as we #fallback towards wintertime #sunrise #wintersky #socal @Paradise, California https://www.instagram.com/liveg2g/p/BpwwbBcHQMS/?utm_source=ig_twitter_share&amp;igshid=13yzt9r6w5hvu",2018-11-04 14:30:11+00:00,#fallback #sunrise #wintersky #socal,liveg2g,,0,0,https://twitter.com/liveg2g/status/1059090435338104832
"Paradise, CA",1059040273542443009,"Chico, Californiaに写真を投稿しましたhttps://www.instagram.com/p/BpwZnVzn4mU/?utm_source=ig_twitter_share&amp;igshid=11qoy9vi6sv0s",2018-11-04 11:10:51+00:00,,Highwired,,0,0,https://twitter.com/Highwired/status/1059040273542443009
"Paradise, CA",1058946551840755712,"Gose w/Mango, Lime& Pink Himalayan Sea Salt @The Chico Taproom https://www.instagram.com/p/Bpvu_f3nQUq/?utm_source=ig_twitter_share&amp;igshid=1971le0yrfoub",2018-11-04 04:58:26+00:00,,Sporticuslive,,0,0,https://twitter.com/Sporticuslive/status/1058946551840755712
"Paradise, CA",1058906766472183808,i miss these picnics @keelinaiko @Pomona West Apartments https://www.instagram.com/p/Bpvc5aSFywtSYYQveLc-cY6peIt6T16XUU_6b00/?utm_source=ig_twitter_share&amp;igshid=1gcyjpqm3jh3k,2018-11-04 02:20:21+00:00,,nocakeyky,@keelinaiko,0,0,https://twitter.com/nocakeyky/status/1058906766472183808
"Paradise, CA",1058881832639442944,"i found the beach boy @Chico, California https://www.instagram.com/p/BpvRj2LnOeY/?utm_source=ig_twitter_share&amp;igshid=1byz0obotmlpi",2018-11-04 00:41:16+00:00,,Quadmft,,0,0,https://twitter.com/Quadmft/status/1058881832639442944
"Paradise, CA",1058881109843476480,"Last night I needed the energy support from these three... NingXia Zyng, NingXia Nitro & Lime Vitality EO. . Natural, toxin free health and wellness support is the only option for our… https://www.instagram.com/p/BpvCEswnptB/?utm_source=ig_twitter_share&amp;igshid=1h39harn0fshz",2018-11-04 00:38:24+00:00,,itry2frog1st,,0,0,https://twitter.com/itry2frog1st/status/1058881109843476480
"Paradise, CA",1058876120311971840,Freshness of expression Expression rides her angle Angle you see every morning Morning with a new drive Drive her away as she abides Abides gracefully on her feet Feet dancing as life… https://www.instagram.com/p/BptGi3QgEuX/?utm_source=ig_twitter_share&amp;igshid=1deoql84q7nan,2018-11-04 00:18:34+00:00,,happinessuchei1,,0,0,https://twitter.com/happinessuchei1/status/1058876120311971840
"Paradise, CA",1058872308725673989,Chico CA Sat Nov 3rd PM Forecast: TONIGHT Mostly Clear Lo 53 SUNDAY Partly Cloudy Hi 80,2018-11-04 00:03:25+00:00,,_ChicoCA,,0,0,https://twitter.com/_ChicoCA/status/1058872308725673989
"Paradise, CA",1058869914101006336,"Learned this nifty trick from ryanleung , using whiteboard markers on glass makes the near (sun can make it wonky for a bit) perfect #storyboard How do you keep track of characters and… https://www.instagram.com/p/BpvMI-eFusr/?utm_source=ig_twitter_share&amp;igshid=1x6ylxwaxrf8l",2018-11-03 23:53:55+00:00,#storyboard,kathieblog,,0,0,https://twitter.com/kathieblog/status/1058869914101006336
"Paradise, CA",1058836475310211072,I got a hunch that I’m not the only one. @Local's Choice https://www.instagram.com/p/Bpu8tHFH3XZ/?utm_source=ig_twitter_share&amp;igshid=1t7w5tup9ugar,2018-11-03 21:41:02+00:00,,mharpertheman,,0,0,https://twitter.com/mharpertheman/status/1058836475310211072
"Paradise, CA",1058834366292385792,"#GrandeFire unofficial new fire report; details uncertain. #ButteCounty; Near Berry Creek, CA. ~73mi N of Sacramento, CA. See officials for safety info. May be incorrect; disclaimers in images.",2018-11-03 21:32:39+00:00,#GrandeFire #ButteCounty,CaliFireBot,,1,0,https://twitter.com/CaliFireBot/status/1058834366292385792
"Paradise, CA",1058820991785164800,The digital press is my date today. #crushingit #cloudsanddirt #chicoca #localschoiceprinting @Local's Choice https://www.instagram.com/p/Bpu14rSnY4n/?utm_source=ig_twitter_share&amp;igshid=f9k68xfug075,2018-11-03 20:39:31+00:00,#crushingit #cloudsanddirt #chicoca #localschoiceprinting,mharpertheman,,0,0,https://twitter.com/mharpertheman/status/1058820991785164800
"Paradise, CA",1058812394506539010,#Repost @chicovegan ・・・ Chico Vegan Thanksgiving 2018 Please join Chico Vegan Meetup for our Sixth Annual Chico Vegan Thanksgiving Potluck! It will be a compassionate harvest-themed… https://www.instagram.com/p/Bpux-9pHRMY/?utm_source=ig_twitter_share&amp;igshid=1f9q0xijzy523,2018-11-03 20:05:21+00:00,#Repost,chicovegan,@chicovegan,0,0,https://twitter.com/chicovegan/status/1058812394506539010
"Paradise, CA",1058782253159837696,Give the gift of golf this holiday season and get your family signed up for our 2-month Preview Membership for only $400! This membership includes unlimited golf on our championship… https://www.instagram.com/p/BpukQaYnLLO/?utm_source=ig_twitter_share&amp;igshid=1d2nf9d354nay,2018-11-03 18:05:35+00:00,,BCCC175,,0,0,https://twitter.com/BCCC175/status/1058782253159837696
"Paradise, CA",1058771487895773184,"Good morning Mozart! #northstatesymphony #mozart #rehearsal #conductor #masterworks #saturday #chicoca @California State University, Chico https://www.instagram.com/p/BpufXz7HWWW/?utm_source=ig_twitter_share&amp;igshid=1b11j2ljkk9cn",2018-11-03 17:22:48+00:00,#northstatesymphony #mozart #rehearsal #conductor #masterworks #saturday #chicoca,NStateSymphony,,0,0,https://twitter.com/NStateSymphony/status/1058771487895773184
"Paradise, CA",1058770109257392129,There is no place like my hometown farmers market. @Chico Certified Farmers' Market https://www.instagram.com/p/BpuewYigOX2/?utm_source=ig_twitter_share&amp;igshid=dc7p9gjogmr0,2018-11-03 17:17:19+00:00,,sarahebodnar,,0,0,https://twitter.com/sarahebodnar/status/1058770109257392129
"Paradise, CA",1058763081696735232,Happy Saturday VOTE . . . . . #photooftheday #instadaily #travel #photo #photographer #flyinghorsedesigncom #beautiful #nature #picoftheday #instagram #instalike #photography #follow… https://www.instagram.com/p/Bpubjyel9ZG/?utm_source=ig_twitter_share&amp;igshid=15fkqels0aso1,2018-11-03 16:49:24+00:00,#photooftheday #instadaily #travel #photo #photographer #flyinghorsedesigncom #beautiful #nature #picoftheday #instagram #instalike #photography #follow,heywoodphotog,,0,0,https://twitter.com/heywoodphotog/status/1058763081696735232
"Paradise, CA",1058762020353384449,Happy Saturday VOTE . . . . . #photooftheday #instadaily #travel #photo #photographer #flyinghorsedesigncom #beautiful #nature #picoftheday #instagram #instalike #photography #follow… https://www.instagram.com/p/BpubE1mFsVn/?utm_source=ig_twitter_share&amp;igshid=1bjln1tbl7va7,2018-11-03 16:45:11+00:00,#photooftheday #instadaily #travel #photo #photographer #flyinghorsedesigncom #beautiful #nature #picoftheday #instagram #instalike #photography #follow,heywoodphotog,,0,0,https://twitter.com/heywoodphotog/status/1058762020353384449
"Paradise, CA",1058758285334138880,"Vote like your happiness depends on it. #ca #chico #mmjlife #mmjpatient #cancersuck @Chico, California https://www.instagram.com/p/BpuZXUhhW_U/?utm_source=ig_twitter_share&amp;igshid=ybtgdq1nua6d",2018-11-03 16:30:20+00:00,#ca #chico #mmjlife #mmjpatient #cancersuck,Med2You,,0,0,https://twitter.com/Med2You/status/1058758285334138880
"Paradise, CA",1058751445116297217,"Vote Blue 2018 snoke Green 2019 #veteran #lovequotes #voteblue @Chico, California https://www.instagram.com/p/BpuWQnzBGDF/?utm_source=ig_twitter_share&amp;igshid=10yvm2pvxfqy4",2018-11-03 16:03:09+00:00,#veteran #lovequotes #voteblue,Med2You,,0,0,https://twitter.com/Med2You/status/1058751445116297217
"Paradise, CA",1058745091878150144,"The view from under the covers #IggyPup #DoxieButts #Saturday #SleepingLate @Paradise, California https://www.instagram.com/p/BpuTYHhHxtmAkFnPaLJkBSDrlb4W4AM-ipzfb00/?utm_source=ig_twitter_share&amp;igshid=tbazdebt8wt9",2018-11-03 15:37:55+00:00,#IggyPup #DoxieButts #Saturday #SleepingLate,tricalee3,,0,1,https://twitter.com/tricalee3/status/1058745091878150144
"Paradise, CA",1058736416186949632,Chico CA Sat Nov 3rd AM Forecast: TODAY Mostly Sunny Hi 83 TONIGHT Mostly Clear Lo 54,2018-11-03 15:03:26+00:00,,_ChicoCA,,0,0,https://twitter.com/_ChicoCA/status/1058736416186949632
"Paradise, CA",1058730749388619776,Hollow Falls @North Table Mountain Ecological Reserve https://www.instagram.com/p/BpuM2lWARI3/?utm_source=ig_twitter_share&amp;igshid=5s2lr2fz4nlj,2018-11-03 14:40:55+00:00,,TomDaly10,,0,0,https://twitter.com/TomDaly10/status/1058730749388619776
"Paradise, CA",1058717947332562945,"Autumn sunsets are the most colorful backdrop for the weekend from our perch. #sunsetviews #sunsets #chicoca #traveladvisor #autumnsunsets #curatedtravel #weekendvibes @Chico, California https://www.instagram.com/p/BpuHCHUnnKP/?utm_source=ig_twitter_share&amp;igshid=1wwegpzfeawqx",2018-11-03 13:50:03+00:00,#sunsetviews #sunsets #chicoca #traveladvisor #autumnsunsets #curatedtravel #weekendvibes,CuratedTravelHL,,0,0,https://twitter.com/CuratedTravelHL/status/1058717947332562945
"Paradise, CA",1058623713699086336,"i found the beach boy @Chico, California https://www.instagram.com/p/BptcLt7nWAX/?utm_source=ig_twitter_share&amp;igshid=1jszl4am2qenp",2018-11-03 07:35:36+00:00,,Quadmft,,0,0,https://twitter.com/Quadmft/status/1058623713699086336
"Paradise, CA",1058591618037628928,"Feeling SO Grateful #formom #theperfectgift #coloring #coloringbook #roadlesstraveled #roadnottaken @Paradise, California https://www.instagram.com/liveg2g/p/BptNlXlHiaT/?utm_source=ig_twitter_share&amp;igshid=7jdxcor8sojl",2018-11-03 05:28:04+00:00,#formom #theperfectgift #coloring #coloringbook #roadlesstraveled #roadnottaken,liveg2g,,0,0,https://twitter.com/liveg2g/status/1058591618037628928
"Paradise, CA",1058580731134386176,"Reunited with the bestie~ @Chico, California https://www.instagram.com/p/BptIo4Fnbks03l4GHOfEyEvEi289oqD17SLdJs0/?utm_source=ig_twitter_share&amp;igshid=1ojfjx5bjjtpf",2018-11-03 04:44:48+00:00,,chezaabear,,0,0,https://twitter.com/chezaabear/status/1058580731134386176
"Paradise, CA",1058570037571796992,"Choosing your first guitar buys many big dreams... Carry on, son. @Guitar Center https://www.instagram.com/p/BptDpx1nsz8/?utm_source=ig_twitter_share&amp;igshid=1psfdr1asfxzc",2018-11-03 04:02:18+00:00,,dianasiler,,0,0,https://twitter.com/dianasiler/status/1058570037571796992
"Paradise, CA",1058530461595693056,"While my #writingday is not even close to being done, I'm reminded of my early years (been doing #NaNoWriMo for 16 years now) and how tempting it was to go off and research an aspect,… https://www.instagram.com/p/Bpsxl7mFdD8/?utm_source=ig_twitter_share&amp;igshid=146y9wx2k4v2h",2018-11-03 01:25:03+00:00,#writingday #NaNoWriMo,kathieblog,,0,0,https://twitter.com/kathieblog/status/1058530461595693056
"Paradise, CA",1058509930012008448,Chico CA Fri Nov 2nd PM Forecast: TONIGHT Mostly Clear Lo 57 SATURDAY Mostly Sunny Hi 83,2018-11-03 00:03:28+00:00,,_ChicoCA,,0,0,https://twitter.com/_ChicoCA/status/1058509930012008448
"Paradise, CA",1058508910619975680,"Just saying... 場所: Chico, California https://www.instagram.com/p/Bpsn-w5H--o/?utm_source=ig_twitter_share&amp;igshid=1thtn0yhgezrl",2018-11-02 23:59:25+00:00,,Highwired,,0,0,https://twitter.com/Highwired/status/1058508910619975680
"Paradise, CA",1058508660983291904,Pure joy! Congratulations jessiejean13 from all of us at @AE_Bridal • • • • • #bride #groom #weddingdress #weddingday #bridal #weddingphotography #bridetobe… https://www.instagram.com/aebridal/p/BpsnrOXl8BU/?utm_source=ig_twitter_share&amp;igshid=1ielgpvsa7lzt,2018-11-02 23:58:25+00:00,#bride #groom #weddingdress #weddingday #bridal #weddingphotography #bridetobe,AE_Bridal,@AE_Bridal,0,0,https://twitter.com/AE_Bridal/status/1058508660983291904
"Paradise, CA",1058502355623337984,click link in bio for easy menu . . . . #photo #instalike #nature #pmgridchallenge #instagram #instadaily #instatravel #vacation #landscape #flyinghorsedesigncom #travel #photographer… https://www.instagram.com/p/Bpsk5otlQB2/?utm_source=ig_twitter_share&amp;igshid=61r5bl7gjb1y,2018-11-02 23:33:22+00:00,#photo #instalike #nature #pmgridchallenge #instagram #instadaily #instatravel #vacation #landscape #flyinghorsedesigncom #travel #photographer,heywoodphotog,,0,0,https://twitter.com/heywoodphotog/status/1058502355623337984
"Paradise, CA",1058492025606070272,have a nice weekend... Tap bio link . . . . . #photo #instalike #nature #pmgridchallenge #instagram #instadaily #instatravel #vacation #landscape #flyinghorsedesigncom #travel… https://www.instagram.com/p/BpsgSSPlKaV/?utm_source=ig_twitter_share&amp;igshid=19znwm88vox0a,2018-11-02 22:52:19+00:00,#photo #instalike #nature #pmgridchallenge #instagram #instadaily #instatravel #vacation #landscape #flyinghorsedesigncom #travel,heywoodphotog,,0,0,https://twitter.com/heywoodphotog/status/1058492025606070272
"Paradise, CA",1058491789064065024,have a nice weekend... Tap bio link . . . . . #photo #instalike #nature #pmgridchallenge #instagram #instadaily #instatravel #vacation #landscape #flyinghorsedesigncom #travel… https://www.instagram.com/p/BpsgMMFlFGv/?utm_source=ig_twitter_share&amp;igshid=abj5wvqjmyv6,2018-11-02 22:51:22+00:00,#photo #instalike #nature #pmgridchallenge #instagram #instadaily #instatravel #vacation #landscape #flyinghorsedesigncom #travel,heywoodphotog,,0,0,https://twitter.com/heywoodphotog/status/1058491789064065024
"Paradise, CA",1058491348062494720,Gwennie says have a nice weekend... Tap bio link . . . . . #photo #instalike #nature #pmgridchallenge #instagram #instadaily #instatravel #vacation #landscape #flyinghorsedesigncom… https://www.instagram.com/p/Bpsf-0llNSL/?utm_source=ig_twitter_share&amp;igshid=1ofkx85nz0rl6,2018-11-02 22:49:37+00:00,#photo #instalike #nature #pmgridchallenge #instagram #instadaily #instatravel #vacation #landscape #flyinghorsedesigncom,heywoodphotog,,0,0,https://twitter.com/heywoodphotog/status/1058491348062494720
"Paradise, CA",1058479059917623296,"This is very late, but Chicoween was pretty great this year, love all my spooky friends @Chico, California https://www.instagram.com/p/BpsaZqdH3KF/?utm_source=ig_twitter_share&amp;igshid=tx9salrcu1e4",2018-11-02 22:00:48+00:00,,coramichele3,,0,0,https://twitter.com/coramichele3/status/1058479059917623296
"Paradise, CA",1058463453407526912,Tonight catch me at @Deejay_Eclectic dropping all of todays bangers and yesterdays favorites! Music starts at 9pm #chicoca #chicostate #TheBeachNightclub #downtownchico @The Beach in Chico https://www.instagram.com/p/BpsR-TonPwZ/?utm_source=ig_twitter_share&amp;igshid=1lm2lrxwuvkxv,2018-11-02 20:58:47+00:00,#chicoca #chicostate #TheBeachNightclub #downtownchico,Deejay_Eclectic,@Deejay_Eclectic,0,0,https://twitter.com/Deejay_Eclectic/status/1058463453407526912
"Paradise, CA",1058452721135771648,+at one point in our 12.8 mile bike ride we found this cool little place under a flood bridge. I’m coming back here for more photos (there is some cool graffiti that is honestly super… https://www.instagram.com/p/BpsObEkncMs/?utm_source=ig_twitter_share&amp;igshid=10zwsryn47oq2,2018-11-02 20:16:08+00:00,,Phebae18,,0,0,https://twitter.com/Phebae18/status/1058452721135771648
"Paradise, CA",1058432578955497473,Can't wait for you to join us to share a meal together...potluck in the Fireside Room at Neighborhood Church Chico on this Sunday Nov 4th at 530p followed by worship. Bring a dish to… https://www.instagram.com/p/BpsFQxAHICg/?utm_source=ig_twitter_share&amp;igshid=lpkhd337wyot,2018-11-02 18:56:06+00:00,,teamwilkins,,1,0,https://twitter.com/teamwilkins/status/1058432578955497473
"Paradise, CA",1058432414001709056,Happy Friday hope your weekend is beeutiful -link in bio . . . . . #photo #instalike #nature #pmgridchallenge #instagram #instadaily #instatravel #vacation #landscape… https://www.instagram.com/p/BpsFFW9Fqjn/?utm_source=ig_twitter_share&amp;igshid=dvnakydahf52,2018-11-02 18:55:26+00:00,#photo #instalike #nature #pmgridchallenge #instagram #instadaily #instatravel #vacation #landscape,heywoodphotog,,0,0,https://twitter.com/heywoodphotog/status/1058432414001709056
"Paradise, CA",1058432050447843328,Happy Friday hope your weekend is beautiful -link in bio . . . . . #photo #instalike #nature #pmgridchallenge #instagram #instadaily #instatravel #vacation #landscape… https://www.instagram.com/p/BpsFBS8FWJY/?utm_source=ig_twitter_share&amp;igshid=14s55hizh8pss,2018-11-02 18:54:00+00:00,#photo #instalike #nature #pmgridchallenge #instagram #instadaily #instatravel #vacation #landscape,heywoodphotog,,0,0,https://twitter.com/heywoodphotog/status/1058432050447843328
"Paradise, CA",1058431910865584128,Happy Friday hope your weekend is beeutiful -link in bio . . . . . #photo #instalike #nature #pmgridchallenge #instagram #instadaily #instatravel #vacation #landscape… https://www.instagram.com/p/BpsE9E6FTDI/?utm_source=ig_twitter_share&amp;igshid=tklxn71fqz67,2018-11-02 18:53:26+00:00,#photo #instalike #nature #pmgridchallenge #instagram #instadaily #instatravel #vacation #landscape,heywoodphotog,,0,0,https://twitter.com/heywoodphotog/status/1058431910865584128
"Paradise, CA",1058425750687145984,"Oops, caught Dustin prepping for the filming. Those #riccar vacuums sure are looking good. #americanmade #cleaning #chico #gettingreadyforchristmas #honeyrunquilters @Cathy's Sew &amp; Vac… https://www.instagram.com/p/BpsCJs-nr4f/?utm_source=ig_twitter_share&amp;igshid=19o26d5rkxuw6",2018-11-02 18:28:58+00:00,#riccar #americanmade #cleaning #chico #gettingreadyforchristmas #honeyrunquilters,cathyssewvac,,0,0,https://twitter.com/cathyssewvac/status/1058425750687145984
"Paradise, CA",1058421452335169536,The #babylock Solaris gets its turn in the #limelight. This built in design is perfect for #christmas. #cathyssewvac #homedecor #presents #chico #channel12news #sewingproject @Honey Run… https://www.instagram.com/p/BpsANJ0HHN_/?utm_source=ig_twitter_share&amp;igshid=17uedk7fzlt5l,2018-11-02 18:11:53+00:00,#babylock #limelight #christmas #cathyssewvac #homedecor #presents #chico #channel12news #sewingproject,cathyssewvac,,0,0,https://twitter.com/cathyssewvac/status/1058421452335169536
"Paradise, CA",1058414669960867841,"Chico friends, follow this blog from byovoice a breath of fresh air and critical thinking coming from Chico State. ・・・ Why do humans still choose to eat meat despite the obvious… https://www.instagram.com/p/Bpr9F0qn-RA/?utm_source=ig_twitter_share&amp;igshid=1nwlexwzvq0zy",2018-11-02 17:44:56+00:00,,chicovegan,,0,0,https://twitter.com/chicovegan/status/1058414669960867841
"Paradise, CA",1058390816044003328,November Plantings Inside & Outside: *May vary depending on your zone. We have a perfect Herb Windowsill Garden Kit that will help you get you started on your herb kitchen garden. Check it out here: http://ow.ly/KD5I30msGez,2018-11-02 16:10:09+00:00,,SustainableSeed,,0,0,https://twitter.com/SustainableSeed/status/1058390816044003328
"Paradise, CA",1058389801244786688,"“The Lord is with you mighty warrior!” Is what God spoke to Gideon as he was hiding in fear of his enemies. He must have through, “ummm me?” • Without missing a beat he returned the… https://www.instagram.com/p/Bprxz5BB3h6/?utm_source=ig_twitter_share&amp;igshid=34e02eybm0sa",2018-11-02 16:06:07+00:00,,AshleyMJackson,,0,0,https://twitter.com/AshleyMJackson/status/1058389801244786688
"Paradise, CA",1058235034102980608,"Happy Halloween @Chico, California https://www.instagram.com/p/Bpqrb2uAtC3/?utm_source=ig_twitter_share&amp;igshid=35jzf05gs2d7",2018-11-02 05:51:07+00:00,,MirandaParkyn,,0,0,https://twitter.com/MirandaParkyn/status/1058235034102980608
"Paradise, CA",1058227011980681217,"low quality l8 nite pic of an above average curb hang w my sp00ky bois n gürls @Chico, California https://www.instagram.com/p/BpqnyVRF4jkhlBtFwhih_Eaay5y14iPDTG8Xjc0/?utm_source=ig_twitter_share&amp;igshid=1d9atpxtx0kbt",2018-11-02 05:19:15+00:00,,nocakeyky,,0,0,https://twitter.com/nocakeyky/status/1058227011980681217
"Paradise, CA",1058223601910931457,Thank you for all of those who showed up and had a spooky time with us for Halloween! More from this show coming soon... @The Big Room At Sierra Nevada Brewing Company https://www.instagram.com/p/BpqmOzrHlDP/?utm_source=ig_twitter_share&amp;igshid=9lvejjo5z8gi,2018-11-02 05:05:42+00:00,,Decades,,0,0,https://twitter.com/Decades/status/1058223601910931457
"Paradise, CA",1058206862368296960,Cougars advance to section finals with 3-0 sweep of Burney HS. sarbear34_ and quincey_carter5 with 13 kills each to lead the way. Finals are at Red Bluff HS on Saturday night at 7pm. You… https://www.instagram.com/p/BpqenmdglmY/?utm_source=ig_twitter_share&amp;igshid=159lyfgttd2hr,2018-11-02 03:59:11+00:00,,paacougars,,1,0,https://twitter.com/paacougars/status/1058206862368296960
"Paradise, CA",1058205132276555776,Flowers are a symbol of God's love for me. Call it a love kiss if you will. Well then His love for me must be big and beautiful just ike this flower. #dahlias are so pretty. What… https://www.instagram.com/p/Bpqd1eLnT8_/?utm_source=ig_twitter_share&amp;igshid=yj8cyo53x46m,2018-11-02 03:52:18+00:00,#dahlias,itry2frog1st,,0,0,https://twitter.com/itry2frog1st/status/1058205132276555776
"Paradise, CA",1058192263623393281,"#rippeep @Chico, California https://www.instagram.com/p/BpqX5utlrX9kcQ52U3hFHikPrnPCET6AB1V_-00/?utm_source=ig_twitter_share&amp;igshid=rgtss69b5vec",2018-11-02 03:01:10+00:00,#rippeep,BT6_ERA,,0,0,https://twitter.com/BT6_ERA/status/1058192263623393281
"Paradise, CA",1058189521240633345,"Learn something new each day! 場所: Chico, California https://www.instagram.com/p/BpqWvPPHvIo/?utm_source=ig_twitter_share&amp;igshid=1rzck2zgo1bmb",2018-11-02 02:50:16+00:00,,Highwired,,0,0,https://twitter.com/Highwired/status/1058189521240633345
"Paradise, CA",1058178947425419264,"Watching the volleyball playoff game on my tablet. Couldn’t get to Paradise to watch Burney play against Paradise Adventist. @Paradise, California https://www.instagram.com/p/BpqR7MIgu5JeXm-23Sm1dy-vxKMgNIEBwHJbaE0/?utm_source=ig_twitter_share&amp;igshid=1bitam7s4zqux",2018-11-02 02:08:15+00:00,,bobjehn,,0,0,https://twitter.com/bobjehn/status/1058178947425419264
"Paradise, CA",1058151026191147011,first day of November...you ready for winter? -link in bio . . . . . #california #vacation #naturephotography #photographer #instalike #nature #love #wanderlust #sky #summer… https://www.instagram.com/p/BpqFF3EFOp2/?utm_source=ig_twitter_share&amp;igshid=1ero7op4rbegv,2018-11-02 00:17:18+00:00,#california #vacation #naturephotography #photographer #instalike #nature #love #wanderlust #sky #summer,heywoodphotog,,0,0,https://twitter.com/heywoodphotog/status/1058151026191147011
"Paradise, CA",1058150999523766272,first day of November...you ready for winter? -link in bio . . . . . #california #vacation #naturephotography #photographer #instalike #nature #love #wanderlust #sky #summer… https://www.instagram.com/p/BpqFN9ZFWdn/?utm_source=ig_twitter_share&amp;igshid=1m4jz2ani5y0y,2018-11-02 00:17:12+00:00,#california #vacation #naturephotography #photographer #instalike #nature #love #wanderlust #sky #summer,heywoodphotog,,0,0,https://twitter.com/heywoodphotog/status/1058150999523766272
"Paradise, CA",1058150993278521345,first day of November...you ready for winter? -link in bio . . . . . #california #vacation #naturephotography #photographer #instalike #nature #love #wanderlust #sky #summer… https://www.instagram.com/p/BpqFKEGFai5/?utm_source=ig_twitter_share&amp;igshid=1xbmqv35rrfz8,2018-11-02 00:17:10+00:00,#california #vacation #naturephotography #photographer #instalike #nature #love #wanderlust #sky #summer,heywoodphotog,,0,0,https://twitter.com/heywoodphotog/status/1058150993278521345
"Paradise, CA",1058150837661417472, Today's featured Wedding is this gorgeous bride who is wearing 'Marigold' from our wilderlybride | photo: kvtelynmvriephotogrvphy . . . #allurebridals #allure #bridal #bridals… https://www.instagram.com/aebridal/p/BpqFJLtFP4C/?utm_source=ig_twitter_share&amp;igshid=1wz122f9m66w4,2018-11-02 00:16:33+00:00,#allurebridals #allure #bridal #bridals,AE_Bridal,,0,0,https://twitter.com/AE_Bridal/status/1058150837661417472
"Paradise, CA",1058150027003092992,first day of November...you ready for winter? -link in bio . . . . . #california #vacation #naturephotography #photographer #instalike #nature #love #wanderlust #sky #summer… https://www.instagram.com/p/BpqExdjFXXN/?utm_source=ig_twitter_share&amp;igshid=1armruxoooey1,2018-11-02 00:13:20+00:00,#california #vacation #naturephotography #photographer #instalike #nature #love #wanderlust #sky #summer,heywoodphotog,,0,0,https://twitter.com/heywoodphotog/status/1058150027003092992
"Paradise, CA",1058149890595926016,first day of November...you ready for winter? -link in bio . . . . . #california #vacation #naturephotography #photographer #instalike #nature #love #wanderlust #sky #summer… https://www.instagram.com/p/BpqEtn5FHDI/?utm_source=ig_twitter_share&amp;igshid=1p6s83hhauqcu,2018-11-02 00:12:48+00:00,#california #vacation #naturephotography #photographer #instalike #nature #love #wanderlust #sky #summer,heywoodphotog,,0,0,https://twitter.com/heywoodphotog/status/1058149890595926016
"Paradise, CA",1058149686643572736,first day of November...you ready for winter? -link in bio . . . . . #california #vacation #naturephotography #photographer #instalike #nature #love #wanderlust #sky #summer #adventure… https://www.instagram.com/p/BpqEn1sFuMi/?utm_source=ig_twitter_share&amp;igshid=chljmn3v8mmk,2018-11-02 00:11:59+00:00,#california #vacation #naturephotography #photographer #instalike #nature #love #wanderlust #sky #summer #adventure,heywoodphotog,,1,0,https://twitter.com/heywoodphotog/status/1058149686643572736
"Paradise, CA",1058149332640239623,Chico CA Thu Nov 1st PM Forecast: TONIGHT Clear Lo 55 FRIDAY Sunny Hi 80,2018-11-02 00:10:35+00:00,,_ChicoCA,,0,0,https://twitter.com/_ChicoCA/status/1058149332640239623
"Paradise, CA",1058144328785244160,first day of November...VOTE -link in bio . . . . . #california #vacation #naturephotography #photographer #instalike #nature #love #wanderlust #sky #summer #adventure #beautiful #style… https://www.instagram.com/p/BpqB-cwFEzz/?utm_source=ig_twitter_share&amp;igshid=12u5ilarn8gqg,2018-11-01 23:50:42+00:00,#california #vacation #naturephotography #photographer #instalike #nature #love #wanderlust #sky #summer #adventure #beautiful #style,heywoodphotog,,0,0,https://twitter.com/heywoodphotog/status/1058144328785244160
"Paradise, CA",1058144047758499846,first day of November...you ready for winter? -link in bio . . . . . #california #vacation #naturephotography #photographer #instalike #nature #love #wanderlust #sky #summer #adventure… https://www.instagram.com/p/BpqCDiLFGWy/?utm_source=ig_twitter_share&amp;igshid=qoo6vcdqtarg,2018-11-01 23:49:35+00:00,#california #vacation #naturephotography #photographer #instalike #nature #love #wanderlust #sky #summer #adventure,heywoodphotog,,0,0,https://twitter.com/heywoodphotog/status/1058144047758499846
"Paradise, CA",1058143445821337601,first day of November...you ready for winter? -link in bio . . . . . #california #vacation #naturephotography #photographer #instalike #nature #love #wanderlust #sky #summer… https://www.instagram.com/p/BpqBx1plIvd/?utm_source=ig_twitter_share&amp;igshid=10hb4wc2r4v89,2018-11-01 23:47:11+00:00,#california #vacation #naturephotography #photographer #instalike #nature #love #wanderlust #sky #summer,heywoodphotog,,0,0,https://twitter.com/heywoodphotog/status/1058143445821337601
"Paradise, CA",1058143284055494656,"It’s hard to believe that today is this cutie pie’s first birthday! One year ago today he stole our hearts and we’re never taking them back. We love you, Charlie! Gigi and Grandpa… https://www.instagram.com/p/BpqBnRdHkqb/?utm_source=ig_twitter_share&amp;igshid=ofw91x00nz7z",2018-11-01 23:46:32+00:00,,CuratedTravelHL,,0,0,https://twitter.com/CuratedTravelHL/status/1058143284055494656
"Paradise, CA",1058123238977474560,"Like to laugh and have a good time? Sounds like you should come see my latest show, ""High Noon on Wall Street."" @Theatre On The Ridge https://www.instagram.com/p/Bpp4mIHHoxK/?utm_source=ig_twitter_share&amp;igshid=os2dr20gfi1q",2018-11-01 22:26:53+00:00,,AshiahD,,0,0,https://twitter.com/AshiahD/status/1058123238977474560
"Paradise, CA",1058118358002917377,"Huey D. NUPETON #holloween2018 @Chico, California https://www.instagram.com/p/Bpp2XwUnDG1/?utm_source=ig_twitter_share&amp;igshid=q72grjwr0tgl",2018-11-01 22:07:30+00:00,#holloween2018,EDDY_HASKLE,,0,0,https://twitter.com/EDDY_HASKLE/status/1058118358002917377
"Paradise, CA",1058114631347036160,"Meet Wendy Porter, new #buttecollege navigator. She has big plans to train our youth for jobs in cyber security. #growtech #chicostart #cyberpatriot #growmanufacturing @California State… https://www.instagram.com/p/Bpp0bNZnEZv/?utm_source=ig_twitter_share&amp;igshid=1ls9v00ah2ilw",2018-11-01 21:52:41+00:00,#buttecollege #growtech #chicostart #cyberpatriot #growmanufacturing,ButtePresident,,2,0,https://twitter.com/ButtePresident/status/1058114631347036160
"Paradise, CA",1058107039371747328, REPOST! @paulcomponent: If you ride tubeless tires you GOTTA have a @dynaplug on you at all times. They’ve saved our asses deeeep in the woods where walking home is not an option. And… https://www.instagram.com/p/BppxHDpheK2/?utm_source=ig_twitter_share&amp;igshid=3pkeytc43h6n,2018-11-01 21:22:31+00:00,,dynaplug,@PaulComponent @dynaplug,0,0,https://twitter.com/dynaplug/status/1058107039371747328
"Paradise, CA",1058094175328133120,"Yabba dabba doo @Chico, California https://www.instagram.com/p/BpprYLkHUXh/?utm_source=ig_twitter_share&amp;igshid=1j0pgbc193wfd",2018-11-01 20:31:24+00:00,,sammiiiedevette,,0,0,https://twitter.com/sammiiiedevette/status/1058094175328133120
"Paradise, CA",1058055298294992896,Thanks to all who came out to the silent disco! See you all on the next one! #greenchannel #chicoca #chicostate #silentdisco @Panama Bar Cafe https://www.instagram.com/p/BppZJtOHCfR/?utm_source=ig_twitter_share&amp;igshid=153kfeolmm2lq,2018-11-01 17:56:55+00:00,#greenchannel #chicoca #chicostate #silentdisco,Deejay_Eclectic,,0,0,https://twitter.com/Deejay_Eclectic/status/1058055298294992896
"Paradise, CA",1058039318172913664,"I’ve trained for a marathon a couple times and although you run 26.2 miles race day, you generally never train past 20. • To be ready for that day you show up over and over and over… https://www.instagram.com/p/BppSbdjBD1d/?utm_source=ig_twitter_share&amp;igshid=109yiga3srjkb",2018-11-01 16:53:25+00:00,,AshleyMJackson,,0,0,https://twitter.com/AshleyMJackson/status/1058039318172913664
"Paradise, CA",1058013433055055879,Chico CA Thu Nov 1st AM Forecast: TODAY Mostly Sunny Hi 83 TONIGHT Clear Lo 55,2018-11-01 15:10:34+00:00,,_ChicoCA,,1,0,https://twitter.com/_ChicoCA/status/1058013433055055879
"Paradise, CA",1058006378416144385, AVAILABLE FOR APPOINTMENTS @chicobraidqueen #chicobraidqueen #chicodreadstylist #chicommabraider #chicofeedins #chicosports #chicobraids. #530braids #530hair #530weaves… https://www.instagram.com/p/BppDbU5ntK_/?utm_source=ig_twitter_share&amp;igshid=1ozox2c7zovt0,2018-11-01 14:42:32+00:00,#chicobraidqueen #chicodreadstylist #chicommabraider #chicofeedins #chicosports #chicobraids #530braids #530hair #530weaves,chicobraidqueen,@chicobraidqueen,0,0,https://twitter.com/chicobraidqueen/status/1058006378416144385
"Paradise, CA",1058002697532661762,One of the many benefits of getting to the gym early. #sunrise #inmotionfitness #earlyriser #mornings #naturalbeauty #sky #gift #workoutearly #benefits #wonpeaceinstitute… https://www.instagram.com/trudikrupocki/p/BppBxpugcTn/?utm_source=ig_twitter_share&amp;igshid=5vkj1kj1yq81,2018-11-01 14:27:54+00:00,#sunrise #inmotionfitness #earlyriser #mornings #naturalbeauty #sky #gift #workoutearly #benefits #wonpeaceinstitute,gratefulcake,,0,0,https://twitter.com/gratefulcake/status/1058002697532661762
"Paradise, CA",1057997521442750464,Happy World Vegan Day! Thank you all for being so awesome! Treat yourself to some vegan goodies today! #chicovegan #friendsnotfood #someonenotsomething #choosekindness #worldveganday… https://www.instagram.com/p/Bpo_bC3ntXw/?utm_source=ig_twitter_share&amp;igshid=n5xyexxwywr8,2018-11-01 14:07:20+00:00,#chicovegan #friendsnotfood #someonenotsomething #choosekindness #worldveganday,chicovegan,,0,0,https://twitter.com/chicovegan/status/1057997521442750464
"Paradise, CA",1057994202603274240,"Marinated #porkfilet w/#ricenoodles #castironcooking #onepanmeal #quickandeasymeals #eatgoodfood @Paradise, California https://www.instagram.com/liveg2g/p/Bpo96MJHeZq/?utm_source=ig_twitter_share&amp;igshid=1qx47vybql3nq",2018-11-01 13:54:09+00:00,#porkfilet #ricenoodles #castironcooking #onepanmeal #quickandeasymeals #eatgoodfood,liveg2g,,0,0,https://twitter.com/liveg2g/status/1057994202603274240
"Paradise, CA",1057992480916815873,"At this time next month we will be in our new home, our new city, starting our new life. Do we currently have any idea where any of that will be? Nope. • We know the general area but that… https://www.instagram.com/p/Bpo9HjABH2A/?utm_source=ig_twitter_share&amp;igshid=vr4ge65ymban",2018-11-01 13:47:18+00:00,,AshleyMJackson,,0,0,https://twitter.com/AshleyMJackson/status/1057992480916815873
"Paradise, CA",1057991012264620032,Your Thursday reminder. You are the secret ingredient for happiness. #happiness #life #success #change #power #love #health #gains #decisions #allyou #reminder #oneperson… https://www.instagram.com/trudikrupocki/p/Bpo8dTvg6l8/?utm_source=ig_twitter_share&amp;igshid=s2qhge50d9n3,2018-11-01 13:41:28+00:00,#happiness #life #success #change #power #love #health #gains #decisions #allyou #reminder #oneperson,gratefulcake,,0,0,https://twitter.com/gratefulcake/status/1057991012264620032
"Paradise, CA",1057988686225256449,#yep #ilivehereyoudont #dogsrule #rescuedog @Wags and Whiskers Pet Rescue https://www.instagram.com/p/Bpo7Zuinghd/?utm_source=ig_twitter_share&amp;igshid=k1evw3xiufpp,2018-11-01 13:32:13+00:00,#yep #ilivehereyoudont #dogsrule #rescuedog,girlvsgrape,,0,0,https://twitter.com/girlvsgrape/status/1057988686225256449
"Paradise, CA",1057876778222530560,"Thank you to everyone who made this happen, we truly made this one a Magical one and I loved every moment of it. At least 200 trick-or-treaters and thousands of smiles and laughs.… https://www.instagram.com/p/BpoIhJrHxmY/?utm_source=ig_twitter_share&amp;igshid=1bu12zg6s3bk4",2018-11-01 06:07:32+00:00,,ChancellorSassy,,0,0,https://twitter.com/ChancellorSassy/status/1057876778222530560
"Paradise, CA",1057867839749738496,"Finally felt better...in time to pick the kids up from school. Tried to stay home with Jess got me setup with makeup so we hit the #TreatStreet 場所: Helltown, California https://www.instagram.com/p/BpoEc3PHc-4/?utm_source=ig_twitter_share&amp;igshid=zn8gu3qxfi51",2018-11-01 05:32:01+00:00,#TreatStreet,Highwired,,0,0,https://twitter.com/Highwired/status/1057867839749738496
"Paradise, CA",1057865254846251008,"Just posted a video @Chico, California https://www.instagram.com/p/BpoDRGfHVqr/?utm_source=ig_twitter_share&amp;igshid=81yp2cojh3xs",2018-11-01 05:21:45+00:00,,jimbo3,,0,0,https://twitter.com/jimbo3/status/1057865254846251008
"Paradise, CA",1057846834264244224,"Happy Halloween @Chico, California https://www.instagram.com/p/Bpn644rHZtt/?utm_source=ig_twitter_share&amp;igshid=1aqri07ozyi3k",2018-11-01 04:08:33+00:00,,jimbo3,,0,0,https://twitter.com/jimbo3/status/1057846834264244224
"Paradise, CA",1057838869889122304,"Part Two : Ringmaster & Lion. Who is wrangling who? #Halloween #DogsOfHalloween #Lion #Ringmaster #Circus @Chico, California https://www.instagram.com/p/Bpn25jNBtB2/?utm_source=ig_twitter_share&amp;igshid=s72rkm942vi9",2018-11-01 03:36:54+00:00,#Halloween #DogsOfHalloween #Lion #Ringmaster #Circus,myohmeggy,,0,0,https://twitter.com/myohmeggy/status/1057838869889122304
"Paradise, CA",1057820683726655488,Happy Halloween! #halloween #chambermusic @Wine Time https://www.instagram.com/p/BpnuzzpA9V-/?utm_source=ig_twitter_share&amp;igshid=1p58un15jgjsz,2018-11-01 02:24:39+00:00,#halloween #chambermusic,NStateSymphony,,0,0,https://twitter.com/NStateSymphony/status/1057820683726655488
"Paradise, CA",1057813484405248000,this is a pic of a happy blind Australian cattledog...Happy Halloween -link in bio . . . . . #flyinghorsedesigncom #instagood #nature #love #photooftheday #photography #photo #travel… https://www.instagram.com/p/Bpnrh8hFnqn/?utm_source=ig_twitter_share&amp;igshid=1vy5jkq9m0a4k,2018-11-01 01:56:02+00:00,#flyinghorsedesigncom #instagood #nature #love #photooftheday #photography #photo #travel,heywoodphotog,,0,0,https://twitter.com/heywoodphotog/status/1057813484405248000
"Paradise, CA",1057811301383241729,"Happy Halloween everyone! From the archives: Coverage of Thrill the world in Chico, CA #ashtonboni #sanfranciscophotographer #dalycityphotographer #thrilltheworld #zombiemakeup… https://www.instagram.com/p/BpnqvdkgMqF/?utm_source=ig_twitter_share&amp;igshid=1owhrkfw7v9s6",2018-11-01 01:47:22+00:00,#ashtonboni #sanfranciscophotographer #dalycityphotographer #thrilltheworld #zombiemakeup,ashtonboni,,0,0,https://twitter.com/ashtonboni/status/1057811301383241729
"Paradise, CA",1057808877050224640,"Happy Halloween @Chico, California https://www.instagram.com/p/BpnporagTG4/?utm_source=ig_twitter_share&amp;igshid=1wwtldzyxxsmw",2018-11-01 01:37:44+00:00,,isaias_calixto,,0,0,https://twitter.com/isaias_calixto/status/1057808877050224640
"Paradise, CA",1057796220016570368,"Rock n Roll @Chico, California https://www.instagram.com/p/Bpnjx3hAHA0/?utm_source=ig_twitter_share&amp;igshid=1ok163g1rgf3s",2018-11-01 00:47:26+00:00,,Javitherapper,,0,0,https://twitter.com/Javitherapper/status/1057796220016570368
"Paradise, CA",1057789827918090240,"We take holidays serious at #Incrediwear @Chico, California https://www.instagram.com/p/Bpng9nDA0lZ/?utm_source=ig_twitter_share&amp;igshid=4gt93j5ob23f",2018-11-01 00:22:02+00:00,#Incrediwear,Javitherapper,,0,0,https://twitter.com/Javitherapper/status/1057789827918090240
"Paradise, CA",1057789285401804801,"Jimmy is a little too buff for this costume... However now all three of our babes have worn it at one point in their lives #jimmybehrhart #jimmythewestie @Chico, California https://www.instagram.com/p/BpnguPTg3UX/?utm_source=ig_twitter_share&amp;igshid=d07z1mqo4nq1",2018-11-01 00:19:53+00:00,#jimmybehrhart #jimmythewestie,colleenmichelle,,0,0,https://twitter.com/colleenmichelle/status/1057789285401804801
"Paradise, CA",1057787544983588864,"happy halloween • @Chico, California https://www.instagram.com/p/Bpnf0zMFgpirkCpw4KFLfx45YmiHCDpmQgXRW00/?utm_source=ig_twitter_share&amp;igshid=1cl3uyf9hgxu4",2018-11-01 00:12:58+00:00,,hannahmariexx_,,0,0,https://twitter.com/hannahmariexx_/status/1057787544983588864
"Paradise, CA",1057787372555780096,"Happy Halloween from Harry Potter and Danaerys Targaryan! @Chico, California https://www.instagram.com/p/BpnfvFogWcyhAHrutS3Tt8joMHvj0khClls1CU0/?utm_source=ig_twitter_share&amp;igshid=w7q170tpbeb",2018-11-01 00:12:17+00:00,,itoddsmama,,0,0,https://twitter.com/itoddsmama/status/1057787372555780096
"Paradise, CA",1057786941394038784,Chico CA Wed Oct 31st PM Forecast: TONIGHT Mostly Clear Lo 57 THURSDAY Mostly Sunny Hi 83,2018-11-01 00:10:34+00:00,,_ChicoCA,,0,0,https://twitter.com/_ChicoCA/status/1057786941394038784
Butte County,1059592519560949761,"Not but JACKPOTS on the Triple Play Draw Poker machine! That’s a total of $7,000 for Donna from Lodi! Congratulations • • • • #slots #jackpotwinner #slotmachine #casinowinnings… https://www.instagram.com/p/Bp0Uvn0gkEC/?utm_source=ig_twitter_share&amp;igshid=11r5pbkp2wduf",2018-11-05 23:45:17+00:00,#slots #jackpotwinner #slotmachine #casinowinnings,JacksonCasino,,0,0,https://twitter.com/JacksonCasino/status/1059592519560949761
Butte County,1059591926826045441,"Future homestead #rebuilding #home #relocating #fromthegroundup #newstart #uncrushable #view#mtgeorge @Napa, California https://www.instagram.com/p/Bp0UeLIn6_Y/?utm_source=ig_twitter_share&amp;igshid=1lp3um51prq5g",2018-11-05 23:42:56+00:00,#rebuilding #home #relocating #fromthegroundup #newstart #uncrushable,niqfoto,,0,0,https://twitter.com/niqfoto/status/1059591926826045441
Butte County,1059540167021772800,"Love these two. I'm so glad I'm there Daddy. #dadlife #luckydaddy @South Oroville, California https://www.instagram.com/p/Bpz85icHYiM/?utm_source=ig_twitter_share&amp;igshid=7e9l7w4tn054",2018-11-05 20:17:15+00:00,#dadlife #luckydaddy,jcquintana338,,0,0,https://twitter.com/jcquintana338/status/1059540167021772800
Butte County,1059450934668025856,Feather: Running,2018-11-05 14:22:41+00:00,,whats_running,,0,0,https://twitter.com/whats_running/status/1059450934668025856
Butte County,1059254760862347267,Feather: Running http://whatsrunning.billdurr.com/sec/5589,2018-11-05 01:23:09+00:00,,whats_running,,0,0,https://twitter.com/whats_running/status/1059254760862347267
Butte County,1059180209553911808,"Last night, one learned to eat chocolate cream pie with chopsticks. #itworks #chopsticks #pie #mmm #yep @Feather Falls Casino &amp; Lodge https://www.instagram.com/p/BpxZPp_gkL_/?utm_source=ig_twitter_share&amp;igshid=2x14q4mbxu0b",2018-11-04 20:26:55+00:00,#itworks #chopsticks #pie #mmm #yep,FetzSteep,,0,0,https://twitter.com/FetzSteep/status/1059180209553911808
Butte County,1059175105589379073,I love brunch. Take me to brunch and chances are high we’ll be best friends forever. @The Exchange https://www.instagram.com/p/BpxW7NMl7cD/?utm_source=ig_twitter_share&amp;igshid=1pieoixmmc0j,2018-11-04 20:06:38+00:00,,MegRaeB,,0,0,https://twitter.com/MegRaeB/status/1059175105589379073
Butte County,1059103664898400258,Feather: Running http://whatsrunning.billdurr.com/sec/5589,2018-11-04 15:22:45+00:00,,whats_running,,0,0,https://twitter.com/whats_running/status/1059103664898400258
Butte County,1059043335279706112,Feather: Running,2018-11-04 11:23:01+00:00,,whats_running,,0,0,https://twitter.com/whats_running/status/1059043335279706112
Butte County,1058991857538121729,Always a blast to come mix here with the boys. #longtime #classicrock #livesound#soundengineer #featherfalls #oroville @Feather Falls Brewing Company https://www.instagram.com/p/BpwDmA1AQJ6/?utm_source=ig_twitter_share&amp;igshid=udvyn59jiwk5,2018-11-04 07:58:28+00:00,#longtime #classicrock #featherfalls #oroville,FetzSteep,,0,0,https://twitter.com/FetzSteep/status/1058991857538121729
Butte County,1058951521734340608,English High Tea #delicious @Oroville Church of the Nazarene https://www.instagram.com/p/BpvxQOendkd/?utm_source=ig_twitter_share&amp;igshid=qsrov8ro03a6,2018-11-04 05:18:11+00:00,#delicious,Pam_Stenzel,,0,0,https://twitter.com/Pam_Stenzel/status/1058951521734340608
Butte County,1058913857597517825,"Love n Crack @Thermalito, California https://www.instagram.com/p/BpvgIGQgyS7/?utm_source=ig_twitter_share&amp;igshid=prtubamxb7ab",2018-11-04 02:48:31+00:00,,m48jade,,0,0,https://twitter.com/m48jade/status/1058913857597517825
Butte County,1058872749698019328,Fall in a glass and it’s glorious. @The Exchange https://www.instagram.com/p/BpvNbtxlq_z/?utm_source=ig_twitter_share&amp;igshid=1jv07gkkuu5gy,2018-11-04 00:05:11+00:00,,MegRaeB,,0,0,https://twitter.com/MegRaeB/status/1058872749698019328
Butte County,1058846026147262466,Thru Aid Station 7 - Mile 40.94 - still looking strong! Side note: I’m pretty sure I’ve never seen my sister eat so much so fast! #pinhoti100 #ultrarunnercouple #feedyourcrazy… https://www.instagram.com/p/BpvBR7BHX4Z/?utm_source=ig_twitter_share&amp;igshid=s8fkyb1lk5us,2018-11-03 22:18:59+00:00,#pinhoti100 #ultrarunnercouple #feedyourcrazy,TeresaHazel411,,0,0,https://twitter.com/TeresaHazel411/status/1058846026147262466
Butte County,1058841971580719105,Feather: Running,2018-11-03 22:02:53+00:00,,whats_running,,0,0,https://twitter.com/whats_running/status/1058841971580719105
Butte County,1058650527045730304,Feather: Running,2018-11-03 09:22:09+00:00,,whats_running,,0,0,https://twitter.com/whats_running/status/1058650527045730304
Butte County,1058509024134684672,"We are ON THE MOVE!!! @Oroville, California https://www.instagram.com/p/BpsoBhtFz5l-aVtz545noPURh-sgGYVA5MBlLs0/?utm_source=ig_twitter_share&amp;igshid=8q4o4eyeffxb",2018-11-02 23:59:52+00:00,,SeanC111,,0,0,https://twitter.com/SeanC111/status/1058509024134684672
Butte County,1058464403950047232,Feather: Running http://whatsrunning.billdurr.com/sec/5589,2018-11-02 21:02:33+00:00,,whats_running,,0,0,https://twitter.com/whats_running/status/1058464403950047232
Butte County,1058318597867610113,Feather: Running,2018-11-02 11:23:10+00:00,,whats_running,,0,0,https://twitter.com/whats_running/status/1058318597867610113
Butte County,1058244125386919937,Feather: Running http://whatsrunning.billdurr.com/sec/5589,2018-11-02 06:27:15+00:00,,whats_running,,0,0,https://twitter.com/whats_running/status/1058244125386919937
Butte County,1058132140272029696,Feather: Running,2018-11-01 23:02:16+00:00,,whats_running,,0,0,https://twitter.com/whats_running/status/1058132140272029696
Butte County,1058045313905246208,Work field trip. #kingsalmon #chinook #fisheries #fishhatchery #salmonladder @Feather River https://www.instagram.com/p/BppVJ22l5xL/?utm_source=ig_twitter_share&amp;igshid=1srzsapy19r15,2018-11-01 17:17:15+00:00,#kingsalmon #chinook #fisheries #fishhatchery #salmonladder,klutz01,,0,0,https://twitter.com/klutz01/status/1058045313905246208
Butte County,1057950913992765440,Feather: Running,2018-11-01 11:02:08+00:00,,whats_running,,0,0,https://twitter.com/whats_running/status/1057950913992765440
Butte County,1057885259985874944,“Don't let yesterday take up too much of today.” #myjourney #findinginnerpeace #newnormal #medicalnegligence #ileostomy #ileostomybag #ileostomysurgery #fistula #blockages #lavages… https://www.instagram.com/p/BpoMXtLn_TH/?utm_source=ig_twitter_share&amp;igshid=8m09618rb66a,2018-11-01 06:41:15+00:00,#myjourney #findinginnerpeace #newnormal #medicalnegligence #ileostomy #ileostomybag #ileostomysurgery #fistula #blockages #lavages,bridgit724,,1,0,https://twitter.com/bridgit724/status/1057885259985874944
Butte County,1057817781419339776,"Daddy and daughter halloweening #halloween #halloweenmakeup @Oroville, California https://www.instagram.com/p/Bpntr-lg5pZ/?utm_source=ig_twitter_share&amp;igshid=sze2usvkawli",2018-11-01 02:13:07+00:00,#halloween #halloweenmakeup,jcquintana338,,0,0,https://twitter.com/jcquintana338/status/1057817781419339776
Butte County,1057814727731175429,"Happy Halloween from Damien! WHOTEENEY!!! @Oroville, California https://www.instagram.com/p/BpnsTBNF_ZDK_arVKeY2_kgK_fJ0FJMP1THG-E0/?utm_source=ig_twitter_share&amp;igshid=14rgouyrwg3qg",2018-11-01 02:00:58+00:00,,SeanC111,,0,0,https://twitter.com/SeanC111/status/1057814727731175429
"Chico, CA",1059587360332173312,TAYLORS #Lunch #Business @gottsroadside @water_tours @Gott's Roadside - St. Helena https://www.instagram.com/p/Bp0SZl5HWEt/?utm_source=ig_twitter_share&amp;igshid=17bb4x157sxoq,2018-11-05 23:24:47+00:00,#Lunch #Business,water_tours,@GottsRoadside @water_tours,0,0,https://twitter.com/water_tours/status/1059587360332173312
"Chico, CA",1059587046736650241,The weather is incredible today and you will not keep me inside. Also look I put in an effort and am feeling myself for the first time in like forever wow look at me go.… https://www.instagram.com/p/Bp0SQX3HsAF/?utm_source=ig_twitter_share&amp;igshid=1dnqu1a4677oe,2018-11-05 23:23:32+00:00,,_eclipse_me_,,0,0,https://twitter.com/_eclipse_me_/status/1059587046736650241
"Chico, CA",1059586925311418368," Ookay w/special guests Bonnie x Clyde and DNMO, Thursday, Dec 20 at @thebluebirdreno Ticket now on-sale at http://basscampfest.com This event will sell-out so buy early. Tickets… https://www.instagram.com/p/Bp0RL9WBmTF/?utm_source=ig_twitter_share&amp;igshid=cy86yvqm41gb",2018-11-05 23:23:03+00:00,,BassCampFest,@thebluebirdreno,0,0,https://twitter.com/BassCampFest/status/1059586925311418368
"Durham, CA",1059596198322073601,Forestville in chestnut leather. This is a full sized crossbody bag that can carry your iPad and all your essentials. I’m in love with this warm Fall tone and the sparkle of my signature… https://www.instagram.com/p/Bp0WY_DAtdk/?utm_source=ig_twitter_share&amp;igshid=17pk7puae4ror,2018-11-05 23:59:54+00:00,,AdelleStoll,,0,0,https://twitter.com/AdelleStoll/status/1059596198322073601
"Durham, CA",1059591472234856448,"The #Human #Soul #Life and #Death The life of the individual begins at conception, when the soul associates itself with the embryo. When death occurs, the body returns to the… https://www.instagram.com/gather_co/p/Bp0UQ_rA0WY/?utm_source=ig_twitter_share&amp;igshid=1akl6pur145zq",2018-11-05 23:41:07+00:00,#Human #Soul #Life #Death,GCoal_E,,0,0,https://twitter.com/GCoal_E/status/1059591472234856448
"Durham, CA",1059587986352992256,"Hello. Your friend is looking for you @Sonoma, California https://www.instagram.com/p/Bp0Sr5TgoHK/?utm_source=ig_twitter_share&amp;igshid=srmn1m3kdqb5",2018-11-05 23:27:16+00:00,,atajes,,0,0,https://twitter.com/atajes/status/1059587986352992256
"Oroville, CA",1059595199612141568,I just love these walnut French bread boards!! My favorite! #cuttingboards #cuttingboards #walnut #walnutcuttingboard #myjob #frenchbreadboard #woodworking #woodwork #giftideas… https://www.instagram.com/p/Bp0V9tFgA9b/?utm_source=ig_twitter_share&amp;igshid=q81ej2ib1id8,2018-11-05 23:55:56+00:00,#cuttingboards #cuttingboards #walnut #walnutcuttingboard #frenchbreadboard #woodworking #woodwork #giftideas,aprilmorse,,0,0,https://twitter.com/aprilmorse/status/1059595199612141568
"Oroville, CA",1059592950387302400,Looking for something fun to do Saturday night? We gotcha covered. Our favorite cheesemonger will be in the house for some #fromagefun. @Riaza Wines https://www.instagram.com/p/Bp0U78MgHXE/?utm_source=ig_twitter_share&amp;igshid=m6lon9mvx0bj,2018-11-05 23:47:00+00:00,#fromagefun,riazawines,,0,0,https://twitter.com/riazawines/status/1059592950387302400
"Oroville, CA",1059259732190547968,Paying it forward- “Friends helping Friends” fundraiser dinner we donated for #cascadefire #victims #lomarica -Super fun group #tastingroom #evoo #gourmet #menu #goodtimes #farmlife… https://www.instagram.com/p/Bpx9aLkFtJ-/?utm_source=ig_twitter_share&amp;igshid=1mok9ybiv78t1,2018-11-05 01:42:54+00:00,#cascadefire #victims #lomarica #tastingroom #evoo #gourmet #menu #goodtimes #farmlife,calolea,,1,0,https://twitter.com/calolea/status/1059259732190547968
"Oroville, CA",1057800379738386432,"#JuneFire unofficial update: 550 Acres. 95% Contained*. #ButteCounty; Near Honcut, CA. ~55mi N of Sacramento, CA. See officials for safety info. May be incorrect; disclaimers in images.",2018-11-01 01:03:58+00:00,#JuneFire #ButteCounty,CaliFireBot,,0,0,https://twitter.com/CaliFireBot/status/1057800379738386432
"Oroville, CA",1057789222063529984,Just posted a video @Ukla Studios https://www.instagram.com/p/BpngorNASSi/?utm_source=ig_twitter_share&amp;igshid=1p2ljlnwywy8n,2018-11-01 00:19:37+00:00,,UKLA_Music,,0,0,https://twitter.com/UKLA_Music/status/1057789222063529984
"Oroville, CA",1057788991767019526,Just posted a video @Ukla Studios https://www.instagram.com/p/BpngiyvgasJ/?utm_source=ig_twitter_share&amp;igshid=znabylb6xm0,2018-11-01 00:18:43+00:00,,UKLA_Music,,0,0,https://twitter.com/UKLA_Music/status/1057788991767019526
